{
  "products": [
    {
      "id": 1,
      "name": "A",
      "price": 1234,
      "quantity": 12,
      "image": "https://picsum.photos/200/300"
    },
    {
      "id": 2,
      "name": "B",
      "price": 2234,
      "quantity": 2,
      "image": "https://picsum.photos/200/300"
    },
    {
      "name": "C",
      "price": "3333",
      "quantity": "4",
      "image": "https://dummyimage.com/600x400/000/fff",
      "id": 3
    },
    {
      "name": "DD",
      "price": "7666",
      "quantity": "22",
      "image": "https://picsum.photos/200/300",
      "id": 4
    },
    {
      "name": "E",
      "price": "2345",
      "quantity": "2",
      "image": "https://dummyimage.com/600x400/000/fff",
      "id": 5
    }
  ]
}